id,columns_list,matrix_data,created_at
2,"[""cpu_usage"", ""memory_usage"", ""network_usage"", ""disk_io"", ""energy_consumption"", ""service_latency"", ""task_priority"", ""workload_type_low"", ""workload_type_medium""]","[[1.0, 0.011039679649476684, 0.002538467843493273, 0.015721472231841352, -0.006486179141641049, 0.014594077480228888, 0.008737985696364305, -0.005338396068342999, -0.004064549945266346], [0.011039679649476684, 1.0, -0.011248452623100777, -0.0017044952411718855, 0.011942887697116678, -0.014173138254862635, 0.013762343475661206, -0.00989106550319272, -0.003537930618190159], [0.002538467843493273, -0.011248452623100777, 1.0, 0.011851951308178187, -0.010255768006628727, -0.010493840384833699, 0.010722680753252837, -0.010875332646832119, 0.003362419768453348], [0.015721472231841352, -0.0017044952411718855, 0.011851951308178187, 1.0, 0.004704904882153171, 0.03822668822694411, 0.0049550889903424026, 0.007740032797883482, -0.023095920914611698], [-0.006486179141641049, 0.011942887697116678, -0.010255768006628727, 0.004704904882153171, 1.0, -0.0167781905600666, 0.00865381738571176, -0.0035623388135442614, -0.007355566646892972], [0.014594077480228888, -0.014173138254862635, -0.010493840384833699, 0.03822668822694411, -0.0167781905600666, 1.0, -0.0024890874374822215, -0.004880669092078219, 0.013518457115640805], [0.008737985696364305, 0.013762343475661206, 0.010722680753252837, 0.0049550889903424026, 0.00865381738571176, -0.0024890874374822215, 1.0, -0.8554595215225993, 0.00699151921505573], [-0.005338396068342999, -0.00989106550319272, -0.010875332646832119, 0.007740032797883482, -0.0035623388135442614, -0.004880669092078219, -0.8554595215225993, 1.0, -0.5238379859642712], [-0.004064549945266346, -0.003537930618190159, 0.003362419768453348, -0.023095920914611698, -0.007355566646892972, 0.013518457115640805, 0.00699151921505573, -0.5238379859642712, 1.0]]",2026-02-24 17:28:20.622165+00